Country Name,Country Code,Indicator Name,Indicator Code,1977,1979,1980,1977-1980,1981,1982,1983,1984,1985,1981-1985,1986,1987,1988,1989,1990,1986-1990,1991,1992,1993,1994,1995,1991-1995,1996,1997,1998,1999,2000,1996-2000,2001,2002,2003,2004,2005,2001-2005,2006,2007,2008,2009,2010,2006-2010,2011,2012,2013,2014,2015,2011-2015,2016,2017,2016-2017
Aruba,ABW,Poverty gap at $1.90 a day (2011 PPP) (%),SI.POV.GAPS,,,,#N/B,,,,,,#N/B,,,,,,#N/B,,,,,,#N/B,,,,,,#N/B,,,,,,#N/B,,,,,,#N/B,,,,,,#N/B,,,#N/B
Afghanistan,AFG,Poverty gap at $1.90 a day (2011 PPP) (%),SI.POV.GAPS,,,,#N/B,,,,,,#N/B,,,,,,#N/B,,,,,,#N/B,,,,,,#N/B,,,,,,#N/B,,,,,,#N/B,,,,,,#N/B,,,#N/B
Angola,AGO,Poverty gap at $1.90 a day (2011 PPP) (%),SI.POV.GAPS,,,,#N/B,,,,,,#N/B,,,,,,#N/B,,,,,,#N/B,,,,,14.6,14.6,,,,,,#N/B,,,9.6,,,9.6,,,,,,#N/B,,,#N/B
Albania,ALB,Poverty gap at $1.90 a day (2011 PPP) (%),SI.POV.GAPS,,,,#N/B,,,,,,#N/B,,,,,,#N/B,,,,,,#N/B,0.2,,,,,0.2,,0.4,,,0.2,0.2,,,0.1,,,0.1,,0.2,,,,0.2,,,#N/B
Andorra,AND,Poverty gap at $1.90 a day (2011 PPP) (%),SI.POV.GAPS,,,,#N/B,,,,,,#N/B,,,,,,#N/B,,,,,,#N/B,,,,,,#N/B,,,,,,#N/B,,,,,,#N/B,,,,,,#N/B,,,#N/B
Arab World,ARB,Poverty gap at $1.90 a day (2011 PPP) (%),SI.POV.GAPS,,,,#N/B,,,,,,#N/B,,,,,,#N/B,,,,,,#N/B,,,,,,#N/B,,,,,,#N/B,,,,,,#N/B,,,,,,#N/B,,,#N/B
United Arab Emirates,ARE,Poverty gap at $1.90 a day (2011 PPP) (%),SI.POV.GAPS,,,,#N/B,,,,,,#N/B,,,,,,#N/B,,,,,,#N/B,,,,,,#N/B,,,,,,#N/B,,,,,,#N/B,,,,,,#N/B,,,#N/B
Argentina,ARG,Poverty gap at $1.90 a day (2011 PPP) (%),SI.POV.GAPS,,,0.2,0.2,,,,,,#N/B,0,0,,,,0,0.7,1.2,1.2,1.5,2.4,2.4,2.9,2.4,2.3,2.5,2.9,2.9,4.9,5.6,2.7,1.8,1.5,1.5,1.3,1.3,1.1,1.1,0.4,0.4,0.4,0.3,0.3,0.3,,0.3,0.3,0.2,0.2
Armenia,ARM,Poverty gap at $1.90 a day (2011 PPP) (%),SI.POV.GAPS,,,,#N/B,,,,,,#N/B,,,,,,#N/B,,,,,,#N/B,,,,4.1,,4.1,4.4,3.2,2,1.8,0.9,0.9,0.6,0.5,0.3,0.3,0.3,0.3,0.3,0.3,0.5,0.4,0.4,0.4,0.3,0.2,0.2
American Samoa,ASM,Poverty gap at $1.90 a day (2011 PPP) (%),SI.POV.GAPS,,,,#N/B,,,,,,#N/B,,,,,,#N/B,,,,,,#N/B,,,,,,#N/B,,,,,,#N/B,,,,,,#N/B,,,,,,#N/B,,,#N/B
Antigua and Barbuda,ATG,Poverty gap at $1.90 a day (2011 PPP) (%),SI.POV.GAPS,,,,#N/B,,,,,,#N/B,,,,,,#N/B,,,,,,#N/B,,,,,,#N/B,,,,,,#N/B,,,,,,#N/B,,,,,,#N/B,,,#N/B
Australia,AUS,Poverty gap at $1.90 a day (2011 PPP) (%),SI.POV.GAPS,,,,#N/B,0.5,,,,0.6,0.6,,,,0.5,,0.5,,,,,0.6,0.6,,,,,,#N/B,0.6,,0.8,0.4,,0.4,,,0.3,,0.3,0.3,,,,0.5,,0.5,,,#N/B
Austria,AUT,Poverty gap at $1.90 a day (2011 PPP) (%),SI.POV.GAPS,,,,#N/B,,,,,,#N/B,,,,,,#N/B,,,,,,#N/B,,,,,,#N/B,,,0.2,0,0,0,0,0.2,0.2,0.4,0.4,0.4,0.3,0.4,0.1,0.1,0.5,0.5,,,#N/B
Azerbaijan,AZE,Poverty gap at $1.90 a day (2011 PPP) (%),SI.POV.GAPS,,,,#N/B,,,,,,#N/B,,,,,,#N/B,,,,,2.2,2.2,,,,,,#N/B,0.5,0,0,0,0,0,,,,,,#N/B,,,,,,#N/B,,,#N/B
Burundi,BDI,Poverty gap at $1.90 a day (2011 PPP) (%),SI.POV.GAPS,,,,#N/B,,,,,,#N/B,,,,,,#N/B,,36.8,,,,36.8,,,44.8,,,44.8,,,,,,#N/B,32.9,,,,,32.9,,,30.4,,,30.4,,,#N/B
Belgium,BEL,Poverty gap at $1.90 a day (2011 PPP) (%),SI.POV.GAPS,,,,#N/B,,,,,,#N/B,,,,,,#N/B,,,,,,#N/B,,,,,,#N/B,,,0.2,0,0.1,0.1,0.1,0,0,0,0.1,0.1,0.1,0.1,0.1,0,0,0,,,#N/B
Benin,BEN,Poverty gap at $1.90 a day (2011 PPP) (%),SI.POV.GAPS,,,,#N/B,,,,,,#N/B,,,,,,#N/B,,,,,,#N/B,,,,,,#N/B,,,16.2,,,16.2,,,,,,#N/B,19,,,,22.4,22.4,,,#N/B
Burkina Faso,BFA,Poverty gap at $1.90 a day (2011 PPP) (%),SI.POV.GAPS,,,,#N/B,,,,,,#N/B,,,,,,#N/B,,,,48.4,,48.4,,,43,,,43,,,23.7,,,23.7,,,,19.9,,19.9,,,,11.1,,11.1,,,#N/B
Bangladesh,BGD,Poverty gap at $1.90 a day (2011 PPP) (%),SI.POV.GAPS,,,,#N/B,,,7.1,,4.8,4.8,,,9.1,,,9.1,11.3,,,,8.2,8.2,,,,,8,8,,,,,5.1,5.1,,,,,3.6,3.6,,,,,,#N/B,2.7,,2.7
Bulgaria,BGR,Poverty gap at $1.90 a day (2011 PPP) (%),SI.POV.GAPS,,,,#N/B,,,,,,#N/B,,,,,,#N/B,,0,,,,0,,,,,,#N/B,,,,,,#N/B,2.6,0.6,0.4,0.3,0.6,0.6,0.9,0.8,0.7,0.5,,0.5,,,#N/B
Bahrain,BHR,Poverty gap at $1.90 a day (2011 PPP) (%),SI.POV.GAPS,,,,#N/B,,,,,,#N/B,,,,,,#N/B,,,,,,#N/B,,,,,,#N/B,,,,,,#N/B,,,,,,#N/B,,,,,,#N/B,,,#N/B
"Bahamas, The",BHS,Poverty gap at $1.90 a day (2011 PPP) (%),SI.POV.GAPS,,,,#N/B,,,,,,#N/B,,,,,,#N/B,,,,,,#N/B,,,,,,#N/B,,,,,,#N/B,,,,,,#N/B,,,,,,#N/B,,,#N/B
Bosnia and Herzegovina,BIH,Poverty gap at $1.90 a day (2011 PPP) (%),SI.POV.GAPS,,,,#N/B,,,,,,#N/B,,,,,,#N/B,,,,,,#N/B,,,,,,#N/B,0.1,,,0.1,,0.1,,0,,,,0,0,,,,,0,,,#N/B
Belarus,BLR,Poverty gap at $1.90 a day (2011 PPP) (%),SI.POV.GAPS,,,,#N/B,,,,,,#N/B,,,,,,#N/B,,,,,,#N/B,,,2.7,2.6,1.7,1.7,0.7,0.5,0.3,0.1,0.1,0.1,0,0,0,0,0,0,0,0,0,0,0,0,0,0,0
Belize,BLZ,Poverty gap at $1.90 a day (2011 PPP) (%),SI.POV.GAPS,,,,#N/B,,,,,,#N/B,,,,,,#N/B,,,5,4.5,,4.5,5.6,7.7,5.8,6.1,,6.1,,,,,,#N/B,,,,,,#N/B,,,,,,#N/B,,,#N/B
Bermuda,BMU,Poverty gap at $1.90 a day (2011 PPP) (%),SI.POV.GAPS,,,,#N/B,,,,,,#N/B,,,,,,#N/B,,,,,,#N/B,,,,,,#N/B,,,,,,#N/B,,,,,,#N/B,,,,,,#N/B,,,#N/B
Bolivia,BOL,Poverty gap at $1.90 a day (2011 PPP) (%),SI.POV.GAPS,,,,#N/B,,,,,,#N/B,,,,,1.1,1.1,,,,,,#N/B,,10,,15.3,17.6,17.6,12.3,13.4,,6,9.9,9.9,8,6,5,5,,5,3.1,4,3.1,2.6,2.8,2.8,3,2.5,2.5
Brazil,BRA,Poverty gap at $1.90 a day (2011 PPP) (%),SI.POV.GAPS,,,,#N/B,8.6,8.7,11.3,10.6,9,9,4.1,7.2,8.6,7.7,8.7,8.7,,9.1,8.6,,5.3,5.3,6.1,6,5.2,5.4,,5.4,4.6,3.9,4.3,3.6,3.2,3.2,2.7,2.8,2.2,2.1,,2.1,1.9,1.5,1.5,1,1.2,1.2,1.6,1.8,1.8
Barbados,BRB,Poverty gap at $1.90 a day (2011 PPP) (%),SI.POV.GAPS,,,,#N/B,,,,,,#N/B,,,,,,#N/B,,,,,,#N/B,,,,,,#N/B,,,,,,#N/B,,,,,,#N/B,,,,,,#N/B,,,#N/B
Brunei Darussalam,BRN,Poverty gap at $1.90 a day (2011 PPP) (%),SI.POV.GAPS,,,,#N/B,,,,,,#N/B,,,,,,#N/B,,,,,,#N/B,,,,,,#N/B,,,,,,#N/B,,,,,,#N/B,,,,,,#N/B,,,#N/B
Bhutan,BTN,Poverty gap at $1.90 a day (2011 PPP) (%),SI.POV.GAPS,,,,#N/B,,,,,,#N/B,,,,,,#N/B,,,,,,#N/B,,,,,,#N/B,,,3.3,,,3.3,,1.6,,,,1.6,,0.4,,,,0.4,,0.2,0.2
Botswana,BWA,Poverty gap at $1.90 a day (2011 PPP) (%),SI.POV.GAPS,,,,#N/B,,,,,17.9,17.9,,,,,,#N/B,,,13.5,,,13.5,,,,,,#N/B,,11.4,,,,11.4,,,,5.8,,5.8,,,,,4.3,4.3,,,#N/B
Central African Republic,CAF,Poverty gap at $1.90 a day (2011 PPP) (%),SI.POV.GAPS,,,,#N/B,,,,,,#N/B,,,,,,#N/B,,58.8,,,,58.8,,,,,,#N/B,,,30.3,,,30.3,,,33.1,,,33.1,,,,,,#N/B,,,#N/B
Canada,CAN,Poverty gap at $1.90 a day (2011 PPP) (%),SI.POV.GAPS,,,,#N/B,0.4,,,,,0.4,,0.1,,,,0.1,0.1,,,0.2,,0.2,,0.2,0.2,,0.1,0.1,,,,0.1,,0.1,,0.1,,,0.1,0.1,,,0.2,,,0.2,,,#N/B
Central Europe and the Baltics,CEB,Poverty gap at $1.90 a day (2011 PPP) (%),SI.POV.GAPS,,,,#N/B,,,,,,#N/B,,,,,,#N/B,,,,,,#N/B,,,,,,#N/B,,,,,,#N/B,,,,,,#N/B,,,,,,#N/B,,,#N/B
Switzerland,CHE,Poverty gap at $1.90 a day (2011 PPP) (%),SI.POV.GAPS,,,,#N/B,,,,,,#N/B,,,,,,#N/B,,,,,,#N/B,,,,,,#N/B,,,,,,#N/B,0,0,0,0,0,0,0,0,0,0,0,0,,,#N/B
Channel Islands,CHI,Poverty gap at $1.90 a day (2011 PPP) (%),SI.POV.GAPS,,,,#N/B,,,,,,#N/B,,,,,,#N/B,,,,,,#N/B,,,,,,#N/B,,,,,,#N/B,,,,,,#N/B,,,,,,#N/B,,,#N/B
Chile,CHL,Poverty gap at $1.90 a day (2011 PPP) (%),SI.POV.GAPS,,,,#N/B,,,,,,#N/B,,4.1,,,2.8,2.8,,1.5,,1.9,,1.9,1.2,,1.3,,1.8,1.8,,,1.8,,,1.8,0.9,,,1.3,,1.3,0.7,,0.5,,0.8,0.8,,0.4,0.4
China,CHN,Poverty gap at $1.90 a day (2011 PPP) (%),SI.POV.GAPS,,,,#N/B,,,,,,#N/B,,,,,24.1,24.1,,,20.3,,,20.3,12.9,,,13.1,,13.1,,10.1,,,4.8,4.8,,,3.9,,2.7,2.7,1.8,1.4,0.4,0.3,0.2,0.2,,,#N/B
Cote d'Ivoire,CIV,Poverty gap at $1.90 a day (2011 PPP) (%),SI.POV.GAPS,,,,#N/B,,,,,2.1,2.1,0.6,1.6,2.6,,,2.6,,6.7,,,4.7,4.7,,,7.6,,,7.6,,7.1,,,,7.1,,,10.4,,,10.4,,,,,9.1,9.1,,,#N/B
Cameroon,CMR,Poverty gap at $1.90 a day (2011 PPP) (%),SI.POV.GAPS,,,,#N/B,,,,,,#N/B,,,,,,#N/B,,,,,,#N/B,15.3,,,,,15.3,6.1,,,,,6.1,,8.3,,,,8.3,,,,7.6,,7.6,,,#N/B
"Congo, Dem. Rep.",COD,Poverty gap at $1.90 a day (2011 PPP) (%),SI.POV.GAPS,,,,#N/B,,,,,,#N/B,,,,,,#N/B,,,,,,#N/B,,,,,,#N/B,,,,63.6,,63.6,,,,,,#N/B,,38.6,,,,38.6,,,#N/B
"Congo, Rep.",COG,Poverty gap at $1.90 a day (2011 PPP) (%),SI.POV.GAPS,,,,#N/B,,,,,,#N/B,,,,,,#N/B,,,,,,#N/B,,,,,,#N/B,,,,,22.1,22.1,,,,,,#N/B,14.9,,,,,14.9,,,#N/B
Colombia,COL,Poverty gap at $1.90 a day (2011 PPP) (%),SI.POV.GAPS,,,,#N/B,,,,,,#N/B,,,,,,#N/B,,4.7,,,,4.7,9.1,,,11,11,11,10.2,5.4,4.5,3.6,3.3,3.3,,,4.3,3.4,2.9,2.9,2.3,2.3,2.2,2,1.8,1.8,1.8,1.6,1.6
Comoros,COM,Poverty gap at $1.90 a day (2011 PPP) (%),SI.POV.GAPS,,,,#N/B,,,,,,#N/B,,,,,,#N/B,,,,,,#N/B,,,,,,#N/B,,,,3.7,,3.7,,,,,,#N/B,,,6.2,,,6.2,,,#N/B
Cabo Verde,CPV,Poverty gap at $1.90 a day (2011 PPP) (%),SI.POV.GAPS,,,,#N/B,,,,,,#N/B,,,,,,#N/B,,,,,,#N/B,,,,,,#N/B,4.6,,,,,4.6,,1.8,,,,1.8,,,,,,#N/B,,,#N/B
Costa Rica,CRI,Poverty gap at $1.90 a day (2011 PPP) (%),SI.POV.GAPS,,,,#N/B,10.8,,,,,10.8,5.7,,,7.4,5.3,5.3,5.7,4.8,4.6,3.5,3.7,3.7,4.2,3.1,2.4,3,3.2,3.2,2.2,2.1,1.9,1.7,1.1,1.1,1.2,0.7,0.9,1.1,0.7,0.7,0.6,0.6,0.6,0.6,0.6,0.6,0.5,0.4,0.4
Caribbean small states,CSS,Poverty gap at $1.90 a day (2011 PPP) (%),SI.POV.GAPS,,,,#N/B,,,,,,#N/B,,,,,,#N/B,,,,,,#N/B,,,,,,#N/B,,,,,,#N/B,,,,,,#N/B,,,,,,#N/B,,,#N/B
Cuba,CUB,Poverty gap at $1.90 a day (2011 PPP) (%),SI.POV.GAPS,,,,#N/B,,,,,,#N/B,,,,,,#N/B,,,,,,#N/B,,,,,,#N/B,,,,,,#N/B,,,,,,#N/B,,,,,,#N/B,,,#N/B
Curacao,CUW,Poverty gap at $1.90 a day (2011 PPP) (%),SI.POV.GAPS,,,,#N/B,,,,,,#N/B,,,,,,#N/B,,,,,,#N/B,,,,,,#N/B,,,,,,#N/B,,,,,,#N/B,,,,,,#N/B,,,#N/B
Cayman Islands,CYM,Poverty gap at $1.90 a day (2011 PPP) (%),SI.POV.GAPS,,,,#N/B,,,,,,#N/B,,,,,,#N/B,,,,,,#N/B,,,,,,#N/B,,,,,,#N/B,,,,,,#N/B,,,,,,#N/B,,,#N/B
Cyprus,CYP,Poverty gap at $1.90 a day (2011 PPP) (%),SI.POV.GAPS,,,,#N/B,,,,,,#N/B,,,,,,#N/B,,,,,,#N/B,,,,,,#N/B,,,,0,0,0,0,0,0,0,0,0,0,0,0,0,0,0,,,#N/B
Czech Republic,CZE,Poverty gap at $1.90 a day (2011 PPP) (%),SI.POV.GAPS,,,,#N/B,,,,,,#N/B,,,,,,#N/B,,,0,,,0,0.1,,,,,0.1,,,,0,0,0,0,0,0,0,0,0,0,0,0,0,0,0,,,#N/B
Germany,DEU,Poverty gap at $1.90 a day (2011 PPP) (%),SI.POV.GAPS,,,,#N/B,,,,,,#N/B,,,,,,#N/B,0,,,0.1,0.1,0.1,,,0,,0,0,0,0,0,0,0,0,0,0,0,0,0,0,0,,0,,0,0,,,#N/B
Djibouti,DJI,Poverty gap at $1.90 a day (2011 PPP) (%),SI.POV.GAPS,,,,#N/B,,,,,,#N/B,,,,,,#N/B,,,,,,#N/B,,,,,,#N/B,,6,,,,6,,,,,,#N/B,,7.9,7.6,,,7.6,,5.7,5.7
Dominica,DMA,Poverty gap at $1.90 a day (2011 PPP) (%),SI.POV.GAPS,,,,#N/B,,,,,,#N/B,,,,,,#N/B,,,,,,#N/B,,,,,,#N/B,,,,,,#N/B,,,,,,#N/B,,,,,,#N/B,,,#N/B
Denmark,DNK,Poverty gap at $1.90 a day (2011 PPP) (%),SI.POV.GAPS,,,,#N/B,,,,,,#N/B,,,,,,#N/B,,,,,,#N/B,,,,,,#N/B,,,0.2,0.2,0.1,0.1,0,0,0.1,0.1,0,0,0,0,0.2,0.1,0.1,0.1,,,#N/B
Dominican Republic,DOM,Poverty gap at $1.90 a day (2011 PPP) (%),SI.POV.GAPS,,,,#N/B,,,,,,#N/B,1.7,,,3.4,,3.4,,1.5,,,,1.5,1.9,2,,,1.8,1.8,1.1,1.9,2.2,2.7,1.7,1.7,1.2,1.2,1,0.8,0.6,0.6,0.7,0.7,0.5,0.5,0.5,0.5,0.5,,0.5
Algeria,DZA,Poverty gap at $1.90 a day (2011 PPP) (%),SI.POV.GAPS,,,,#N/B,,,,,,#N/B,,,0.9,,,0.9,,,,,1.1,1.1,,,,,,#N/B,,,,,,#N/B,,,,,,#N/B,0.2,,,,,0.2,,,#N/B
East Asia & Pacific (excluding high income),EAP,Poverty gap at $1.90 a day (2011 PPP) (%),SI.POV.GAPS,,,,#N/B,,,,,,#N/B,,,,,,#N/B,,,,,,#N/B,,,,,,#N/B,,,,,,#N/B,,,,,,#N/B,,,,,,#N/B,,,#N/B
Early-demographic dividend,EAR,Poverty gap at $1.90 a day (2011 PPP) (%),SI.POV.GAPS,,,,#N/B,,,,,,#N/B,,,,,,#N/B,,,,,,#N/B,,,,,,#N/B,,,,,,#N/B,,,,,,#N/B,,,,,,#N/B,,,#N/B
East Asia & Pacific,EAS,Poverty gap at $1.90 a day (2011 PPP) (%),SI.POV.GAPS,,,,#N/B,38.1,,,27.2,,27.2,,21.6,,,22.4,22.4,,,19.3,,,19.3,12.9,,,12.3,,12.3,,9.1,,,4.9,4.9,,,3.8,,2.5,2.5,1.8,1.5,0.7,,0.5,0.5,,,#N/B
Europe & Central Asia (excluding high income),ECA,Poverty gap at $1.90 a day (2011 PPP) (%),SI.POV.GAPS,,,,#N/B,,,,,,#N/B,,,,,,#N/B,,,,,,#N/B,,,,,,#N/B,,,,,,#N/B,,,,,,#N/B,,,,,,#N/B,,,#N/B
Europe & Central Asia,ECS,Poverty gap at $1.90 a day (2011 PPP) (%),SI.POV.GAPS,,,,#N/B,,,,,,#N/B,,,,,,#N/B,,,1.6,,,1.6,2.4,,,2.4,,2.4,,1.7,,,1.4,1.4,,,0.8,,0.7,0.7,0.6,0.5,0.4,,0.4,0.4,,,#N/B
Ecuador,ECU,Poverty gap at $1.90 a day (2011 PPP) (%),SI.POV.GAPS,,,,#N/B,,,,,,#N/B,,7.3,,,,7.3,,,,7.7,,7.7,,,6.1,9.8,11.6,11.6,,,5.6,6.2,4.6,4.6,2.8,3.1,2.9,2.5,1.9,1.9,1.8,1.5,1,0.8,1.2,1.2,1.2,1.1,1.1
"Egypt, Arab Rep.",EGY,Poverty gap at $1.90 a day (2011 PPP) (%),SI.POV.GAPS,,,,#N/B,,,,,,#N/B,,,,,1.1,1.1,,,,,0.6,0.6,,,,0.3,,0.3,,,,0.6,,0.6,,,0.6,,0.4,0.4,,0.4,,,0.2,0.2,,,#N/B
Euro area,EMU,Poverty gap at $1.90 a day (2011 PPP) (%),SI.POV.GAPS,,,,#N/B,,,,,,#N/B,,,,,,#N/B,,,,,,#N/B,,,,,,#N/B,,,,,,#N/B,,,,,,#N/B,,,,,,#N/B,,,#N/B
Eritrea,ERI,Poverty gap at $1.90 a day (2011 PPP) (%),SI.POV.GAPS,,,,#N/B,,,,,,#N/B,,,,,,#N/B,,,,,,#N/B,,,,,,#N/B,,,,,,#N/B,,,,,,#N/B,,,,,,#N/B,,,#N/B
Spain,ESP,Poverty gap at $1.90 a day (2011 PPP) (%),SI.POV.GAPS,,,,#N/B,,,,,,#N/B,,,,,,#N/B,,,,,,#N/B,,,,,,#N/B,,,0.6,0.6,0.6,0.6,0.6,0.3,0.4,0.6,0.5,0.5,0.9,0.6,0.7,0.5,0.6,0.6,,,#N/B
Estonia,EST,Poverty gap at $1.90 a day (2011 PPP) (%),SI.POV.GAPS,,,,#N/B,,,,,,#N/B,,,,,,#N/B,,,0.5,,,0.5,,,,,,#N/B,,,1.3,0.6,0.3,0.3,0.5,0.3,0.2,0.2,0.4,0.4,0.6,0.4,0.6,0.5,0.4,0.4,,,#N/B
Ethiopia,ETH,Poverty gap at $1.90 a day (2011 PPP) (%),SI.POV.GAPS,,,,#N/B,,,,,,#N/B,,,,,,#N/B,,,,,29.5,29.5,,,,19,,19,,,,8.7,,8.7,,,,,9,9,,,,,7.9,7.9,,,#N/B
European Union,EUU,Poverty gap at $1.90 a day (2011 PPP) (%),SI.POV.GAPS,,,,#N/B,,,,,,#N/B,,,,,,#N/B,,,,,,#N/B,,,,,,#N/B,,,,,,#N/B,,,,,,#N/B,,,,,,#N/B,,,#N/B
Fragile and conflict affected situations,FCS,Poverty gap at $1.90 a day (2011 PPP) (%),SI.POV.GAPS,,,,#N/B,27.5,,,27.9,,27.9,,27.5,,,28.5,28.5,,,31.1,,,31.1,29.6,,,27.5,,27.5,,24.8,,,21.5,21.5,,,18.3,,16.8,16.8,16.2,15.2,14.5,,14.1,14.1,,,#N/B
Finland,FIN,Poverty gap at $1.90 a day (2011 PPP) (%),SI.POV.GAPS,,,,#N/B,,,,,,#N/B,,,,,,#N/B,,,,,,#N/B,,,,,,#N/B,,,0,0,0,0,0,0,0,0,0,0,0,0,0,0,0,0,,,#N/B
Fiji,FJI,Poverty gap at $1.90 a day (2011 PPP) (%),SI.POV.GAPS,,,,#N/B,,,,,,#N/B,,,,,,#N/B,,,,,,#N/B,,,,,,#N/B,,0.9,,,,0.9,,,0.6,,,0.6,,,0.2,,,0.2,,,#N/B
France,FRA,Poverty gap at $1.90 a day (2011 PPP) (%),SI.POV.GAPS,,,,#N/B,,,,,,#N/B,,,,,,#N/B,,,,,,#N/B,,,,,,#N/B,,,0,0,0,0,0,0,0,0,0,0,0,0,0,0,0,0,,,#N/B
Faroe Islands,FRO,Poverty gap at $1.90 a day (2011 PPP) (%),SI.POV.GAPS,,,,#N/B,,,,,,#N/B,,,,,,#N/B,,,,,,#N/B,,,,,,#N/B,,,,,,#N/B,,,,,,#N/B,,,,,,#N/B,,,#N/B
"Micronesia, Fed. Sts.",FSM,Poverty gap at $1.90 a day (2011 PPP) (%),SI.POV.GAPS,,,,#N/B,,,,,,#N/B,,,,,,#N/B,,,,,,#N/B,,,,,,#N/B,,,,,1.6,1.6,,,,,,#N/B,,,5.5,,,5.5,,,#N/B
Gabon,GAB,Poverty gap at $1.90 a day (2011 PPP) (%),SI.POV.GAPS,,,,#N/B,,,,,,#N/B,,,,,,#N/B,,,,,,#N/B,,,,,,#N/B,,,,,1.8,1.8,,,,,,#N/B,,,,,,#N/B,,0.8,0.8
United Kingdom,GBR,Poverty gap at $1.90 a day (2011 PPP) (%),SI.POV.GAPS,,,,#N/B,,,,,,#N/B,,,,,,#N/B,,,,,,#N/B,,,,,,#N/B,,,,0.2,0.3,0.3,0.1,0.2,0.2,0.1,0.1,0.1,0.2,0.1,0.1,0.1,0.1,0.1,,,#N/B
Georgia,GEO,Poverty gap at $1.90 a day (2011 PPP) (%),SI.POV.GAPS,,,,#N/B,,,,,,#N/B,,,,,,#N/B,,,,,,#N/B,1,5.7,5.4,6.5,7,7,6.6,3.1,3.3,3.1,3.3,3.3,3.2,3.4,3,3,3.7,3.7,3.6,2.4,1.6,1.3,0.9,0.9,1,1.3,1.3
Ghana,GHA,Poverty gap at $1.90 a day (2011 PPP) (%),SI.POV.GAPS,,,,#N/B,,,,,,#N/B,,14.3,13.8,,,13.8,17.7,,,,,17.7,,,12.3,,,12.3,,,,,8.2,8.2,,,,,,#N/B,,3.5,,,,3.5,4.7,,4.7
Gibraltar,GIB,Poverty gap at $1.90 a day (2011 PPP) (%),SI.POV.GAPS,,,,#N/B,,,,,,#N/B,,,,,,#N/B,,,,,,#N/B,,,,,,#N/B,,,,,,#N/B,,,,,,#N/B,,,,,,#N/B,,,#N/B
Guinea,GIN,Poverty gap at $1.90 a day (2011 PPP) (%),SI.POV.GAPS,,,,#N/B,,,,,,#N/B,,,,,,#N/B,61.9,,,19.5,,19.5,,,,,,#N/B,,26.6,,,,26.6,,23.7,,,,23.7,,10.3,,,,10.3,,,#N/B
"Gambia, The",GMB,Poverty gap at $1.90 a day (2011 PPP) (%),SI.POV.GAPS,,,,#N/B,,,,,,#N/B,,,,,,#N/B,,,,,,#N/B,,,36,,,36,,,17.7,,,17.7,,,,,7.4,7.4,,,,,2.2,2.2,,,#N/B
Guinea-Bissau,GNB,Poverty gap at $1.90 a day (2011 PPP) (%),SI.POV.GAPS,,,,#N/B,,,,,,#N/B,,,,,,#N/B,22.7,,28.4,,,28.4,,,,,,#N/B,,18.6,,,,18.6,,,,,30.5,30.5,,,,,,#N/B,,,#N/B
Equatorial Guinea,GNQ,Poverty gap at $1.90 a day (2011 PPP) (%),SI.POV.GAPS,,,,#N/B,,,,,,#N/B,,,,,,#N/B,,,,,,#N/B,,,,,,#N/B,,,,,,#N/B,,,,,,#N/B,,,,,,#N/B,,,#N/B
Greece,GRC,Poverty gap at $1.90 a day (2011 PPP) (%),SI.POV.GAPS,,,,#N/B,,,,,,#N/B,,,,,,#N/B,,,,,,#N/B,,,,,,#N/B,,,0.4,0.5,0.2,0.2,0.3,0.4,0.2,0.5,0.7,0.7,0.8,0.6,0.3,0.8,0.8,0.8,,,#N/B
Grenada,GRD,Poverty gap at $1.90 a day (2011 PPP) (%),SI.POV.GAPS,,,,#N/B,,,,,,#N/B,,,,,,#N/B,,,,,,#N/B,,,,,,#N/B,,,,,,#N/B,,,,,,#N/B,,,,,,#N/B,,,#N/B
Greenland,GRL,Poverty gap at $1.90 a day (2011 PPP) (%),SI.POV.GAPS,,,,#N/B,,,,,,#N/B,,,,,,#N/B,,,,,,#N/B,,,,,,#N/B,,,,,,#N/B,,,,,,#N/B,,,,,,#N/B,,,#N/B
Guatemala,GTM,Poverty gap at $1.90 a day (2011 PPP) (%),SI.POV.GAPS,,,,#N/B,,,,,,#N/B,23.5,,,17.6,,17.6,,,,,,#N/B,,,5.1,,3.3,3.3,,,,,,#N/B,3.7,,,,,3.7,,,,2.5,,2.5,,,#N/B
Guam,GUM,Poverty gap at $1.90 a day (2011 PPP) (%),SI.POV.GAPS,,,,#N/B,,,,,,#N/B,,,,,,#N/B,,,,,,#N/B,,,,,,#N/B,,,,,,#N/B,,,,,,#N/B,,,,,,#N/B,,,#N/B
Guyana,GUY,Poverty gap at $1.90 a day (2011 PPP) (%),SI.POV.GAPS,,,,#N/B,,,,,,#N/B,,,,,,#N/B,,12.8,,,,12.8,,,5,,,5,,,,,,#N/B,,,,,,#N/B,,,,,,#N/B,,,#N/B
High income,HIC,Poverty gap at $1.90 a day (2011 PPP) (%),SI.POV.GAPS,,,,#N/B,0.4,,,0.4,,0.4,,0.4,,,0.3,0.3,,,0.4,,,0.4,0.5,,,0.4,,0.4,,0.6,,,0.5,0.5,,,0.4,,0.4,0.4,0.4,0.4,0.4,,0.5,0.5,,,#N/B
"Hong Kong SAR, China",HKG,Poverty gap at $1.90 a day (2011 PPP) (%),SI.POV.GAPS,,,,#N/B,,,,,,#N/B,,,,,,#N/B,,,,,,#N/B,,,,,,#N/B,,,,,,#N/B,,,,,,#N/B,,,,,,#N/B,,,#N/B
Honduras,HND,Poverty gap at $1.90 a day (2011 PPP) (%),SI.POV.GAPS,,,,#N/B,,,,,,#N/B,,,,19.1,20.7,20.7,13.4,10.8,8.8,10.6,11.1,11.1,13.3,7.8,13.1,12.9,,12.9,8.9,10.1,12.6,12.1,13,13,10.6,6.5,6.6,4.8,5.3,5.3,7,8,6.6,5.4,5.6,5.6,6.3,6.8,6.8
Heavily indebted poor countries (HIPC),HPC,Poverty gap at $1.90 a day (2011 PPP) (%),SI.POV.GAPS,,,,#N/B,,,,,,#N/B,,,,,,#N/B,,,,,,#N/B,,,,,,#N/B,,,,,,#N/B,,,,,,#N/B,,,,,,#N/B,,,#N/B
Croatia,HRV,Poverty gap at $1.90 a day (2011 PPP) (%),SI.POV.GAPS,,,,#N/B,,,,,,#N/B,,,0,,,0,,,,,,#N/B,,,,,,#N/B,,,,,,#N/B,,,,0.7,0.9,0.9,0.4,0.5,0.5,0.6,0.3,0.3,,,#N/B
Haiti,HTI,Poverty gap at $1.90 a day (2011 PPP) (%),SI.POV.GAPS,,,,#N/B,,,,,,#N/B,,,,,,#N/B,,,,,,#N/B,,,,,,#N/B,,,,,,#N/B,,,,,,#N/B,,8.1,,,,8.1,,,#N/B
Hungary,HUN,Poverty gap at $1.90 a day (2011 PPP) (%),SI.POV.GAPS,,,,#N/B,,,,,,#N/B,,0.1,,0,,0,,,0.2,,,0.2,,,,,,#N/B,,,,0,0.3,0.3,0,0,0,0,0,0,0,0.2,0,0.4,0.3,0.3,,,#N/B
IBRD only,IBD,Poverty gap at $1.90 a day (2011 PPP) (%),SI.POV.GAPS,,,,#N/B,,,,,,#N/B,,,,,,#N/B,,,,,,#N/B,,,,,,#N/B,,,,,,#N/B,,,,,,#N/B,,,,,,#N/B,,,#N/B
IDA & IBRD total,IBT,Poverty gap at $1.90 a day (2011 PPP) (%),SI.POV.GAPS,,,,#N/B,,,,,,#N/B,,,,,,#N/B,,,,,,#N/B,,,,,,#N/B,,,,,,#N/B,,,,,,#N/B,,,,,,#N/B,,,#N/B
IDA total,IDA,Poverty gap at $1.90 a day (2011 PPP) (%),SI.POV.GAPS,,,,#N/B,21.7,,,22.7,,22.7,,22.4,,,23.1,23.1,,,23.7,,,23.7,22,,,21.3,,21.3,,19.3,,,16.1,16.1,,,14.1,,13.3,13.3,12.6,12,11.5,,11,11,,,#N/B
IDA blend,IDB,Poverty gap at $1.90 a day (2011 PPP) (%),SI.POV.GAPS,,,,#N/B,,,,,,#N/B,,,,,,#N/B,,,,,,#N/B,,,,,,#N/B,,,,,,#N/B,,,,,,#N/B,,,,,,#N/B,,,#N/B
Indonesia,IDN,Poverty gap at $1.90 a day (2011 PPP) (%),SI.POV.GAPS,,,,#N/B,,,,27.5,,27.5,,25.8,,,18,18,,,17.8,,,17.8,13,,22.4,10.1,9.1,9.1,7.7,4.2,4.3,5.2,4.3,4.3,6.3,4.7,4.4,3.5,2.9,2.9,2.3,1.9,1.4,1.2,1.2,1.2,1,0.9,0.9
IDA only,IDX,Poverty gap at $1.90 a day (2011 PPP) (%),SI.POV.GAPS,,,,#N/B,,,,,,#N/B,,,,,,#N/B,,,,,,#N/B,,,,,,#N/B,,,,,,#N/B,,,,,,#N/B,,,,,,#N/B,,,#N/B
Isle of Man,IMN,Poverty gap at $1.90 a day (2011 PPP) (%),SI.POV.GAPS,,,,#N/B,,,,,,#N/B,,,,,,#N/B,,,,,,#N/B,,,,,,#N/B,,,,,,#N/B,,,,,,#N/B,,,,,,#N/B,,,#N/B
India,IND,Poverty gap at $1.90 a day (2011 PPP) (%),SI.POV.GAPS,21,,,21,,,17.1,,,17.1,,13.8,,,,13.8,,,12,,,12,,,,,,#N/B,,,,9.2,,9.2,,,,7,,7,4.3,,,,,4.3,,,#N/B
Not classified,INX,Poverty gap at $1.90 a day (2011 PPP) (%),SI.POV.GAPS,,,,#N/B,,,,,,#N/B,,,,,,#N/B,,,,,,#N/B,,,,,,#N/B,,,,,,#N/B,,,,,,#N/B,,,,,,#N/B,,,#N/B
Ireland,IRL,Poverty gap at $1.90 a day (2011 PPP) (%),SI.POV.GAPS,,,,#N/B,,,,,,#N/B,,,,,,#N/B,,,,,,#N/B,,,,,,#N/B,,,0,0,0,0,0.1,0,0.1,0.3,0.3,0.3,0.4,0.1,0.5,0.3,0.2,0.2,,,#N/B
"Iran, Islamic Rep.",IRN,Poverty gap at $1.90 a day (2011 PPP) (%),SI.POV.GAPS,,,,#N/B,,,,,,#N/B,1.6,,,,1.4,1.4,,,,0.6,,0.6,,,0.4,,,0.4,,,,,0.1,0.1,0.1,,,0.3,,0.3,,,0,0,0,0,0,,0
Iraq,IRQ,Poverty gap at $1.90 a day (2011 PPP) (%),SI.POV.GAPS,,,,#N/B,,,,,,#N/B,,,,,,#N/B,,,,,,#N/B,,,,,,#N/B,,,,,,#N/B,0.3,,,,,0.3,,0.4,,,,0.4,,,#N/B
Iceland,ISL,Poverty gap at $1.90 a day (2011 PPP) (%),SI.POV.GAPS,,,,#N/B,,,,,,#N/B,,,,,,#N/B,,,,,,#N/B,,,,,,#N/B,,,0,0,0,0,0,0,0,0,0,0,0,0,0,0,,0,,,#N/B
Israel,ISR,Poverty gap at $1.90 a day (2011 PPP) (%),SI.POV.GAPS,,0,,0,,,,,,#N/B,0.1,,,,,0.1,,0,,,,0,,0.2,,,,0.2,0,,,,0.3,0.3,,0.2,,,0.1,0.1,,0.3,,0.1,,0.1,0.1,,0.1
Italy,ITA,Poverty gap at $1.90 a day (2011 PPP) (%),SI.POV.GAPS,,,,#N/B,,,,,,#N/B,,,,,,#N/B,,,,,,#N/B,,,,,,#N/B,,,0.5,0.5,0.5,0.5,0.5,0.5,0.5,0.6,0.9,0.9,0.9,0.8,1.1,0.9,1.4,1.4,,,#N/B
Jamaica,JAM,Poverty gap at $1.90 a day (2011 PPP) (%),SI.POV.GAPS,,,,#N/B,,,,,,#N/B,,,1.7,,0.9,0.9,,,2.6,,,2.6,0.8,,,0.7,,0.7,,0.7,,0.4,,0.4,,,,,,#N/B,,,,,,#N/B,,,#N/B
Jordan,JOR,Poverty gap at $1.90 a day (2011 PPP) (%),SI.POV.GAPS,,,,#N/B,,,,,,#N/B,0,,,,,0,,0.5,,,,0.5,,0.3,,,,0.3,,0.2,,,,0.2,0,,0,,0,0,,,,,,#N/B,,,#N/B
Japan,JPN,Poverty gap at $1.90 a day (2011 PPP) (%),SI.POV.GAPS,,,,#N/B,,,,,,#N/B,,,,,,#N/B,,,,,,#N/B,,,,,,#N/B,,,,,,#N/B,,,0.2,,,0.2,,,,,,#N/B,,,#N/B
Kazakhstan,KAZ,Poverty gap at $1.90 a day (2011 PPP) (%),SI.POV.GAPS,,,,#N/B,,,,,,#N/B,,,,,,#N/B,,,,,,#N/B,1.7,,,,,1.7,2.5,1.4,0.9,0.4,1.6,1.6,0.1,0,0,0,0,0,0,0,0,0,0,0,0,0,0
Kenya,KEN,Poverty gap at $1.90 a day (2011 PPP) (%),SI.POV.GAPS,,,,#N/B,,,,,,#N/B,,,,,,#N/B,,11.8,,11.3,,11.3,,9.8,,,,9.8,,,,,16.2,16.2,,,,,,#N/B,,,,,11.6,11.6,,,#N/B
Kyrgyz Republic,KGZ,Poverty gap at $1.90 a day (2011 PPP) (%),SI.POV.GAPS,,,,#N/B,,,,,,#N/B,,,,,,#N/B,,,,,,#N/B,,,11.6,,11.2,11.2,9.2,8.7,6.2,2.8,3,3,1.8,2,0.7,0.3,1.1,1.1,0.2,0.7,0.5,0.2,0.5,0.5,0.2,0.3,0.3
Cambodia,KHM,Poverty gap at $1.90 a day (2011 PPP) (%),SI.POV.GAPS,,,,#N/B,,,,,,#N/B,,,,,,#N/B,,,,,,#N/B,,,,,,#N/B,,,,,,#N/B,,,,,,#N/B,,,,,,#N/B,,,#N/B
Kiribati,KIR,Poverty gap at $1.90 a day (2011 PPP) (%),SI.POV.GAPS,,,,#N/B,,,,,,#N/B,,,,,,#N/B,,,,,,#N/B,,,,,,#N/B,,,,,,#N/B,3.3,,,,,3.3,,,,,,#N/B,,,#N/B
St. Kitts and Nevis,KNA,Poverty gap at $1.90 a day (2011 PPP) (%),SI.POV.GAPS,,,,#N/B,,,,,,#N/B,,,,,,#N/B,,,,,,#N/B,,,,,,#N/B,,,,,,#N/B,,,,,,#N/B,,,,,,#N/B,,,#N/B
"Korea, Rep.",KOR,Poverty gap at $1.90 a day (2011 PPP) (%),SI.POV.GAPS,,,,#N/B,,,,,,#N/B,,,,,,#N/B,,,,,,#N/B,,,,,,#N/B,,,,,,#N/B,0.2,,0.2,,0.2,0.2,,0.1,,,,0.1,,,#N/B
Kuwait,KWT,Poverty gap at $1.90 a day (2011 PPP) (%),SI.POV.GAPS,,,,#N/B,,,,,,#N/B,,,,,,#N/B,,,,,,#N/B,,,,,,#N/B,,,,,,#N/B,,,,,,#N/B,,,,,,#N/B,,,#N/B
Latin America & Caribbean (excluding high income),LAC,Poverty gap at $1.90 a day (2011 PPP) (%),SI.POV.GAPS,,,,#N/B,,,,,,#N/B,,,,,,#N/B,,,,,,#N/B,,,,,,#N/B,,,,,,#N/B,,,,,,#N/B,,,,,,#N/B,,,#N/B
Lao PDR,LAO,Poverty gap at $1.90 a day (2011 PPP) (%),SI.POV.GAPS,,,,#N/B,,,,,,#N/B,,,,,,#N/B,,7.4,,,,7.4,,15.7,,,,15.7,,8,,,,8,,6.3,,,,6.3,,5.3,,,,5.3,,,#N/B
Lebanon,LBN,Poverty gap at $1.90 a day (2011 PPP) (%),SI.POV.GAPS,,,,#N/B,,,,,,#N/B,,,,,,#N/B,,,,,,#N/B,,,,,,#N/B,,,,,,#N/B,,,,,,#N/B,0,,,,,0,,,#N/B
Liberia,LBR,Poverty gap at $1.90 a day (2011 PPP) (%),SI.POV.GAPS,,,,#N/B,,,,,,#N/B,,,,,,#N/B,,,,,,#N/B,,,,,,#N/B,,,,,,#N/B,,28.1,,,,28.1,,,,11.7,,11.7,13,,13
Libya,LBY,Poverty gap at $1.90 a day (2011 PPP) (%),SI.POV.GAPS,,,,#N/B,,,,,,#N/B,,,,,,#N/B,,,,,,#N/B,,,,,,#N/B,,,,,,#N/B,,,,,,#N/B,,,,,,#N/B,,,#N/B
St. Lucia,LCA,Poverty gap at $1.90 a day (2011 PPP) (%),SI.POV.GAPS,,,,#N/B,,,,,,#N/B,,,,,,#N/B,,,,,13.2,13.2,,,,,,#N/B,,,,,,#N/B,,,,,,#N/B,,,,,,#N/B,2.7,,2.7
Latin America & Caribbean,LCN,Poverty gap at $1.90 a day (2011 PPP) (%),SI.POV.GAPS,,,,#N/B,5.4,,,6.5,,6.5,,5.4,,,6.1,6.1,,,5.9,,,5.9,5.9,,,5.8,,5.8,,4.7,,,4,4,,,2.8,,2.5,2.5,2.4,1.8,1.8,,1.3,1.3,,,#N/B
Least developed countries: UN classification,LDC,Poverty gap at $1.90 a day (2011 PPP) (%),SI.POV.GAPS,,,,#N/B,,,,,,#N/B,,,,,,#N/B,,,,,,#N/B,,,,,,#N/B,,,,,,#N/B,,,,,,#N/B,,,,,,#N/B,,,#N/B
Low income,LIC,Poverty gap at $1.90 a day (2011 PPP) (%),SI.POV.GAPS,,,,#N/B,26.6,,,27.9,,27.9,,27.5,,,28.3,28.3,,,31.7,,,31.7,30.9,,,29.7,,29.7,,28.1,,,24,24,,,21,,19.7,19.7,18.6,17.7,17,,16.6,16.6,,,#N/B
Liechtenstein,LIE,Poverty gap at $1.90 a day (2011 PPP) (%),SI.POV.GAPS,,,,#N/B,,,,,,#N/B,,,,,,#N/B,,,,,,#N/B,,,,,,#N/B,,,,,,#N/B,,,,,,#N/B,,,,,,#N/B,,,#N/B
Sri Lanka,LKA,Poverty gap at $1.90 a day (2011 PPP) (%),SI.POV.GAPS,,,,#N/B,,,,,2.6,2.6,,,,,1.5,1.5,,,,,1.6,1.6,,,,,,#N/B,,1.4,,,,1.4,0.5,,,0.4,,0.4,,0.3,,,,0.3,0.1,,0.1
Lower middle income,LMC,Poverty gap at $1.90 a day (2011 PPP) (%),SI.POV.GAPS,,,,#N/B,18.4,,,17.2,,17.2,,16,,,14.3,14.3,,,13.5,,,13.5,11.8,,,11,,11,,9.6,,,8.1,8.1,,,7,,5.8,5.8,4.9,4.6,4.1,,3.5,3.5,,,#N/B
Low & middle income,LMY,Poverty gap at $1.90 a day (2011 PPP) (%),SI.POV.GAPS,,,,#N/B,22.7,,,18.3,,18.3,,15.6,,,15.7,15.7,,,14.7,,,14.7,11.9,,,11.5,,11.5,,9.9,,,7.5,7.5,,,6.5,,5.5,5.5,4.8,4.5,4,,3.6,3.6,,,#N/B
Lesotho,LSO,Poverty gap at $1.90 a day (2011 PPP) (%),SI.POV.GAPS,,,,#N/B,,,,,,#N/B,24.2,,,,,24.2,,,,28.4,,28.4,,,,,,#N/B,,32,,,,32,,,,,31.8,31.8,,,,,,#N/B,,,#N/B
Late-demographic dividend,LTE,Poverty gap at $1.90 a day (2011 PPP) (%),SI.POV.GAPS,,,,#N/B,,,,,,#N/B,,,,,,#N/B,,,,,,#N/B,,,,,,#N/B,,,,,,#N/B,,,,,,#N/B,,,,,,#N/B,,,#N/B
Lithuania,LTU,Poverty gap at $1.90 a day (2011 PPP) (%),SI.POV.GAPS,,,,#N/B,,,,,,#N/B,,,,,,#N/B,,,0.9,,,0.9,,,,,,#N/B,,,,1.3,0.9,0.9,0.7,0.8,0.9,1.2,1,1,0.5,0.7,0.5,0.7,0.5,0.5,,,#N/B
Luxembourg,LUX,Poverty gap at $1.90 a day (2011 PPP) (%),SI.POV.GAPS,,,,#N/B,,,,,,#N/B,,,,,,#N/B,,,,,,#N/B,,,,,,#N/B,,,0,0,0,0,0,0,0,0,0,0,0,0,0,0,0.2,0.2,,,#N/B
Latvia,LVA,Poverty gap at $1.90 a day (2011 PPP) (%),SI.POV.GAPS,,,,#N/B,,,,,,#N/B,,,,,,#N/B,,,0,,0,0,0.2,,,,,0.2,,,,1.2,1.2,1.2,0.8,0.3,0.5,1,0.7,0.7,0.5,0.5,0.6,0.4,0.4,0.4,,,#N/B
"Macao SAR, China",MAC,Poverty gap at $1.90 a day (2011 PPP) (%),SI.POV.GAPS,,,,#N/B,,,,,,#N/B,,,,,,#N/B,,,,,,#N/B,,,,,,#N/B,,,,,,#N/B,,,,,,#N/B,,,,,,#N/B,,,#N/B
St. Martin (French part),MAF,Poverty gap at $1.90 a day (2011 PPP) (%),SI.POV.GAPS,,,,#N/B,,,,,,#N/B,,,,,,#N/B,,,,,,#N/B,,,,,,#N/B,,,,,,#N/B,,,,,,#N/B,,,,,,#N/B,,,#N/B
Morocco,MAR,Poverty gap at $1.90 a day (2011 PPP) (%),SI.POV.GAPS,,,,#N/B,,,,2.3,,2.3,,,,,0.4,0.4,,,,,,#N/B,,,1.3,,1.3,1.3,,,,,,#N/B,0.6,,,,,0.6,,,0.2,,,0.2,,,#N/B
Monaco,MCO,Poverty gap at $1.90 a day (2011 PPP) (%),SI.POV.GAPS,,,,#N/B,,,,,,#N/B,,,,,,#N/B,,,,,,#N/B,,,,,,#N/B,,,,,,#N/B,,,,,,#N/B,,,,,,#N/B,,,#N/B
Moldova,MDA,Poverty gap at $1.90 a day (2011 PPP) (%),SI.POV.GAPS,,,,#N/B,,,,,,#N/B,,,,,,#N/B,,,,,,#N/B,,4.6,8.9,12.5,10.9,10.9,7.9,3.9,1.4,1.9,3.3,3.3,0.6,0.3,0.2,0.1,0.1,0.1,0,0,0,0,0,0,0,0,0
Madagascar,MDG,Poverty gap at $1.90 a day (2011 PPP) (%),SI.POV.GAPS,,,18,18,,,,,,#N/B,,,,,,#N/B,,,31,,,31,,28.8,,27.8,,27.8,34.3,,,,30.7,30.7,,,,,38.2,38.2,,39,,,,39,,,#N/B
Maldives,MDV,Poverty gap at $1.90 a day (2011 PPP) (%),SI.POV.GAPS,,,,#N/B,,,,,,#N/B,,,,,,#N/B,,,,,,#N/B,,,,,,#N/B,,2.6,,,,2.6,,,,1.5,,1.5,,,,,,#N/B,,,#N/B
Middle East & North Africa,MEA,Poverty gap at $1.90 a day (2011 PPP) (%),SI.POV.GAPS,,,,#N/B,,,,1.7,,1.7,,1.5,,,1.2,1.2,,,1.3,,,1.3,1.2,,,0.7,,0.7,,0.6,,,0.5,0.5,,,0.5,,0.4,0.4,0.5,0.5,0.5,,1,1,,,#N/B
Mexico,MEX,Poverty gap at $1.90 a day (2011 PPP) (%),SI.POV.GAPS,,,,#N/B,,,,2.3,,2.3,,,,,,#N/B,,2.2,,1.7,,1.7,3.4,,3.6,,2.7,2.7,,1.7,,1.6,1.8,1.8,0.8,,1,,1.1,1.1,,0.8,,1,,1,0.6,,0.6
Marshall Islands,MHL,Poverty gap at $1.90 a day (2011 PPP) (%),SI.POV.GAPS,,,,#N/B,,,,,,#N/B,,,,,,#N/B,,,,,,#N/B,,,,,,#N/B,,,,,,#N/B,,,,,,#N/B,,,,,,#N/B,,,#N/B
Middle income,MIC,Poverty gap at $1.90 a day (2011 PPP) (%),SI.POV.GAPS,,,,#N/B,,,,,,#N/B,,,,,,#N/B,,,,,,#N/B,,,,,,#N/B,,,,,,#N/B,,,,,,#N/B,,,,,,#N/B,,,#N/B
"Macedonia, FYR",MKD,Poverty gap at $1.90 a day (2011 PPP) (%),SI.POV.GAPS,,,,#N/B,,,,,,#N/B,,,,,,#N/B,,,,,,#N/B,,,,,,#N/B,,,,,,#N/B,,,,4.2,5.9,5.9,4,2.8,1.8,1.9,2.1,2.1,,,#N/B
Mali,MLI,Poverty gap at $1.90 a day (2011 PPP) (%),SI.POV.GAPS,,,,#N/B,,,,,,#N/B,,,,,,#N/B,,,,52.1,,52.1,,,,,,#N/B,23.1,,,,,23.1,17.7,,,15.4,,15.4,,,,,,#N/B,,,#N/B
Malta,MLT,Poverty gap at $1.90 a day (2011 PPP) (%),SI.POV.GAPS,,,,#N/B,,,,,,#N/B,,,,,,#N/B,,,,,,#N/B,,,,,,#N/B,,,,,,#N/B,0.2,0.2,0,0.2,0.1,0.1,0.1,0,0,0,0,0,,,#N/B
Myanmar,MMR,Poverty gap at $1.90 a day (2011 PPP) (%),SI.POV.GAPS,,,,#N/B,,,,,,#N/B,,,,,,#N/B,,,,,,#N/B,,,,,,#N/B,,,,,,#N/B,,,,,,#N/B,,,,,1.5,1.5,,,#N/B
Middle East & North Africa (excluding high income),MNA,Poverty gap at $1.90 a day (2011 PPP) (%),SI.POV.GAPS,,,,#N/B,,,,,,#N/B,,,,,,#N/B,,,,,,#N/B,,,,,,#N/B,,,,,,#N/B,,,,,,#N/B,,,,,,#N/B,,,#N/B
Montenegro,MNE,Poverty gap at $1.90 a day (2011 PPP) (%),SI.POV.GAPS,,,,#N/B,,,,,,#N/B,,,,,,#N/B,,,,,,#N/B,,,,,,#N/B,,,,,0.1,0.1,0,0,0,0,0,0,0.1,0.5,0.2,0,,0,,,#N/B
Mongolia,MNG,Poverty gap at $1.90 a day (2011 PPP) (%),SI.POV.GAPS,,,,#N/B,,,,,,#N/B,,,,,,#N/B,,,,,2.7,2.7,,,7.4,,,7.4,,2.2,,,,2.2,,0.2,,,0.1,0.1,0.1,0.1,,0,,0,0.1,,0.1
Northern Mariana Islands,MNP,Poverty gap at $1.90 a day (2011 PPP) (%),SI.POV.GAPS,,,,#N/B,,,,,,#N/B,,,,,,#N/B,,,,,,#N/B,,,,,,#N/B,,,,,,#N/B,,,,,,#N/B,,,,,,#N/B,,,#N/B
Mozambique,MOZ,Poverty gap at $1.90 a day (2011 PPP) (%),SI.POV.GAPS,,,,#N/B,,,,,,#N/B,,,,,,#N/B,,,,,,#N/B,50.2,,,,,50.2,,42.1,,,,42.1,,,31.7,,,31.7,,,,27.5,,27.5,,,#N/B
Mauritania,MRT,Poverty gap at $1.90 a day (2011 PPP) (%),SI.POV.GAPS,,,,#N/B,,,,,,#N/B,,17.3,,,,17.3,,,13.6,,6.1,6.1,,,,,5.2,5.2,,,,3.6,,3.6,,,2.7,,,2.7,,,,1.4,,1.4,,,#N/B
Mauritius,MUS,Poverty gap at $1.90 a day (2011 PPP) (%),SI.POV.GAPS,,,,#N/B,,,,,,#N/B,,,,,,#N/B,,,,,,#N/B,,,,,,#N/B,,,,,,#N/B,0.1,,,,,0.1,,0.1,,,,0.1,,,#N/B
Malawi,MWI,Poverty gap at $1.90 a day (2011 PPP) (%),SI.POV.GAPS,,,,#N/B,,,,,,#N/B,,,,,,#N/B,,,,,,#N/B,,24.7,,,,24.7,,,,31.5,,31.5,,,,,34,34,,,,,,#N/B,29.4,,29.4
Malaysia,MYS,Poverty gap at $1.90 a day (2011 PPP) (%),SI.POV.GAPS,,,,#N/B,,,,0.6,,0.6,,0.3,,0.2,,0.2,,0.1,,,0.2,0.2,,0,,,,0,,,,0.1,,0.1,,0.1,0.1,,,0.1,0,,0,,0,0,,,#N/B
North America,NAC,Poverty gap at $1.90 a day (2011 PPP) (%),SI.POV.GAPS,,,,#N/B,,,,,,#N/B,,,,,,#N/B,,,,,,#N/B,,,,,,#N/B,,,,,,#N/B,,,,,,#N/B,,,,,,#N/B,,,#N/B
Namibia,NAM,Poverty gap at $1.90 a day (2011 PPP) (%),SI.POV.GAPS,,,,#N/B,,,,,,#N/B,,,,,,#N/B,,,,,,#N/B,,,,,,#N/B,,,10.2,,,10.2,,,,6.6,,6.6,,,,,4.6,4.6,,,#N/B
New Caledonia,NCL,Poverty gap at $1.90 a day (2011 PPP) (%),SI.POV.GAPS,,,,#N/B,,,,,,#N/B,,,,,,#N/B,,,,,,#N/B,,,,,,#N/B,,,,,,#N/B,,,,,,#N/B,,,,,,#N/B,,,#N/B
Niger,NER,Poverty gap at $1.90 a day (2011 PPP) (%),SI.POV.GAPS,,,,#N/B,,,,,,#N/B,,,,,,#N/B,,34.1,,43.1,,43.1,,,,,,#N/B,,,,,35.5,35.5,,28.7,,,,28.7,13.9,,,13.5,,13.5,,,#N/B
Nigeria,NGA,Poverty gap at $1.90 a day (2011 PPP) (%),SI.POV.GAPS,,,,#N/B,,,,,21.5,21.5,,,,,,#N/B,,27.4,,,,27.4,31.1,,,,,31.1,,,21.9,,,21.9,,,,21.8,,21.8,,,,,,#N/B,,,#N/B
Nicaragua,NIC,Poverty gap at $1.90 a day (2011 PPP) (%),SI.POV.GAPS,,,,#N/B,,,,,,#N/B,,,,,,#N/B,,,18.2,,,18.2,,,10.5,,,10.5,5.5,,,,2.2,2.2,,,,1.9,,1.9,,,,0.7,,0.7,,,#N/B
Netherlands,NLD,Poverty gap at $1.90 a day (2011 PPP) (%),SI.POV.GAPS,,,,#N/B,,,,,,#N/B,,,,,,#N/B,,,,,,#N/B,,,,,,#N/B,,,,0.1,0,0,0,0,0,0,0,0,0,0,0,0,0,0,,,#N/B
Norway,NOR,Poverty gap at $1.90 a day (2011 PPP) (%),SI.POV.GAPS,,,,#N/B,,,,,,#N/B,,,,,,#N/B,,,,,,#N/B,,,,,,#N/B,,,0.1,0.2,0.1,0.1,0.1,0,0.1,0,0,0,0,0,0,0,0,0,,,#N/B
Nepal,NPL,Poverty gap at $1.90 a day (2011 PPP) (%),SI.POV.GAPS,,,,#N/B,,,,,,#N/B,,,,,,#N/B,,,,,21.2,21.2,,,,,,#N/B,,,14.5,,,14.5,,,,,3.1,3.1,,,,,,#N/B,,,#N/B
Nauru,NRU,Poverty gap at $1.90 a day (2011 PPP) (%),SI.POV.GAPS,,,,#N/B,,,,,,#N/B,,,,,,#N/B,,,,,,#N/B,,,,,,#N/B,,,,,,#N/B,,,,,,#N/B,,,,,,#N/B,,,#N/B
New Zealand,NZL,Poverty gap at $1.90 a day (2011 PPP) (%),SI.POV.GAPS,,,,#N/B,,,,,,#N/B,,,,,,#N/B,,,,,,#N/B,,,,,,#N/B,,,,,,#N/B,,,,,,#N/B,,,,,,#N/B,,,#N/B
OECD members,OED,Poverty gap at $1.90 a day (2011 PPP) (%),SI.POV.GAPS,,,,#N/B,,,,,,#N/B,,,,,,#N/B,,,,,,#N/B,,,,,,#N/B,,,,,,#N/B,,,,,,#N/B,,,,,,#N/B,,,#N/B
Oman,OMN,Poverty gap at $1.90 a day (2011 PPP) (%),SI.POV.GAPS,,,,#N/B,,,,,,#N/B,,,,,,#N/B,,,,,,#N/B,,,,,,#N/B,,,,,,#N/B,,,,,,#N/B,,,,,,#N/B,,,#N/B
Other small states,OSS,Poverty gap at $1.90 a day (2011 PPP) (%),SI.POV.GAPS,,,,#N/B,,,,,,#N/B,,,,,,#N/B,,,,,,#N/B,,,,,,#N/B,,,,,,#N/B,,,,,,#N/B,,,,,,#N/B,,,#N/B
Pakistan,PAK,Poverty gap at $1.90 a day (2011 PPP) (%),SI.POV.GAPS,,,,#N/B,,,,,,#N/B,,20.6,,,19.9,19.9,,,,,,#N/B,2.6,,4.8,,,4.8,5.8,,,3.4,2.7,2.7,,2.1,,,1.2,1.2,1.1,,0.9,,0.5,0.5,,,#N/B
Panama,PAN,Poverty gap at $1.90 a day (2011 PPP) (%),SI.POV.GAPS,,1.7,,1.7,,,,,,#N/B,,,,16.3,,16.3,14,,,,11,11,,9.2,9.9,8.5,6.6,6.6,8,4.5,4.6,4,3.8,3.8,4.5,2.7,1.4,0.8,1.3,1.3,0.9,1.3,0.8,1.1,0.5,0.5,0.5,0.9,0.9
Peru,PER,Poverty gap at $1.90 a day (2011 PPP) (%),SI.POV.GAPS,,,,#N/B,,,,,,#N/B,,,,,,#N/B,,,,,,#N/B,,7.2,6.9,7.2,6,6,6.3,5.5,3.8,4.5,5.4,5.4,4.6,3.7,2.8,2.1,1.5,1.5,1.4,1.4,1.2,1,1,1,0.9,0.9,0.9
Philippines,PHL,Poverty gap at $1.90 a day (2011 PPP) (%),SI.POV.GAPS,,,,#N/B,,,,,7.4,7.4,,,6.2,,,6.2,6.8,,,6.3,,6.3,,4.1,,,3,3,,,2.8,,,2.8,3.1,,,2.1,,2.1,,2.5,,,1.5,1.5,,,#N/B
Palau,PLW,Poverty gap at $1.90 a day (2011 PPP) (%),SI.POV.GAPS,,,,#N/B,,,,,,#N/B,,,,,,#N/B,,,,,,#N/B,,,,,,#N/B,,,,,,#N/B,,,,,,#N/B,,,,,,#N/B,,,#N/B
Papua New Guinea,PNG,Poverty gap at $1.90 a day (2011 PPP) (%),SI.POV.GAPS,,,,#N/B,,,,,,#N/B,,,,,,#N/B,,,,,,#N/B,28.1,,,,,28.1,,,,,,#N/B,,,,14.8,,14.8,,,,,,#N/B,,,#N/B
Poland,POL,Poverty gap at $1.90 a day (2011 PPP) (%),SI.POV.GAPS,,,,#N/B,,,,,,#N/B,,,,,,#N/B,,,0,,,0,0.5,,0,0,0,0,0,0,0,0,0,0,0,0,0,0,0,0,0,0,0,0,0,0,0,,0
Pre-demographic dividend,PRE,Poverty gap at $1.90 a day (2011 PPP) (%),SI.POV.GAPS,,,,#N/B,,,,,,#N/B,,,,,,#N/B,,,,,,#N/B,,,,,,#N/B,,,,,,#N/B,,,,,,#N/B,,,,,,#N/B,,,#N/B
Puerto Rico,PRI,Poverty gap at $1.90 a day (2011 PPP) (%),SI.POV.GAPS,,,,#N/B,,,,,,#N/B,,,,,,#N/B,,,,,,#N/B,,,,,,#N/B,,,,,,#N/B,,,,,,#N/B,,,,,,#N/B,,,#N/B
"Korea, Dem. Peopleâs Rep.",PRK,Poverty gap at $1.90 a day (2011 PPP) (%),SI.POV.GAPS,,,,#N/B,,,,,,#N/B,,,,,,#N/B,,,,,,#N/B,,,,,,#N/B,,,,,,#N/B,,,,,,#N/B,,,,,,#N/B,,,#N/B
Portugal,PRT,Poverty gap at $1.90 a day (2011 PPP) (%),SI.POV.GAPS,,,,#N/B,,,,,,#N/B,,,,,,#N/B,,,,,,#N/B,,,,,,#N/B,,,0.5,0.3,0.3,0.3,0,0.1,0,0.1,0,0,0.2,0.4,0.4,0.2,0.3,0.3,,,#N/B
Paraguay,PRY,Poverty gap at $1.90 a day (2011 PPP) (%),SI.POV.GAPS,,,,#N/B,,,,,,#N/B,,,,,0.3,0.3,,,,,5.3,5.3,,4.5,,4.1,,4.1,3.3,5,2.7,1.7,2,2,2.4,2.4,1.3,1.7,1.7,1.7,1.6,0.9,0.6,0.6,0.4,0.4,0.3,0.2,0.2
West Bank and Gaza,PSE,Poverty gap at $1.90 a day (2011 PPP) (%),SI.POV.GAPS,,,,#N/B,,,,,,#N/B,,,,,,#N/B,,,,,,#N/B,,,,,,#N/B,,,,0.2,0.1,0.1,0.1,0.4,,0.1,0,0,0.1,,,,,0.1,0.2,,0.2
Pacific island small states,PSS,Poverty gap at $1.90 a day (2011 PPP) (%),SI.POV.GAPS,,,,#N/B,,,,,,#N/B,,,,,,#N/B,,,,,,#N/B,,,,,,#N/B,,,,,,#N/B,,,,,,#N/B,,,,,,#N/B,,,#N/B
Post-demographic dividend,PST,Poverty gap at $1.90 a day (2011 PPP) (%),SI.POV.GAPS,,,,#N/B,,,,,,#N/B,,,,,,#N/B,,,,,,#N/B,,,,,,#N/B,,,,,,#N/B,,,,,,#N/B,,,,,,#N/B,,,#N/B
French Polynesia,PYF,Poverty gap at $1.90 a day (2011 PPP) (%),SI.POV.GAPS,,,,#N/B,,,,,,#N/B,,,,,,#N/B,,,,,,#N/B,,,,,,#N/B,,,,,,#N/B,,,,,,#N/B,,,,,,#N/B,,,#N/B
Qatar,QAT,Poverty gap at $1.90 a day (2011 PPP) (%),SI.POV.GAPS,,,,#N/B,,,,,,#N/B,,,,,,#N/B,,,,,,#N/B,,,,,,#N/B,,,,,,#N/B,,,,,,#N/B,,,,,,#N/B,,,#N/B
Romania,ROU,Poverty gap at $1.90 a day (2011 PPP) (%),SI.POV.GAPS,,,,#N/B,,,,,,#N/B,,,,0.3,,0.3,,0.3,,2.4,,2.4,,,,,,#N/B,,,,,,#N/B,2.9,1.9,1.5,1,1.6,1.6,2.2,2.4,2.5,2.8,1.9,1.9,,,#N/B
Russian Federation,RUS,Poverty gap at $1.90 a day (2011 PPP) (%),SI.POV.GAPS,,,,#N/B,,,,,,#N/B,,,,,,#N/B,,,0.2,,,0.2,0.6,0.3,0.4,0.8,0.5,0.5,0.3,0.1,0.2,0.2,0.1,0.1,0.1,0,0,0,0,0,0,0,0,0,0,0,,,#N/B
Rwanda,RWA,Poverty gap at $1.90 a day (2011 PPP) (%),SI.POV.GAPS,,,,#N/B,,,,19.5,,19.5,,,,,,#N/B,,,,,,#N/B,,,,,38.2,38.2,,,,,31.4,31.4,,,,,24.9,24.9,,,20.7,,,20.7,20.2,,20.2
South Asia,SAS,Poverty gap at $1.90 a day (2011 PPP) (%),SI.POV.GAPS,,,,#N/B,18.2,,,16.5,,16.5,,14.6,,,13.2,13.2,,,11.9,,,11.9,10.2,,,,,10.2,,9.4,,,7.9,7.9,,,6.6,,5.2,5.2,3.9,3.5,3,,,3,,,#N/B
Saudi Arabia,SAU,Poverty gap at $1.90 a day (2011 PPP) (%),SI.POV.GAPS,,,,#N/B,,,,,,#N/B,,,,,,#N/B,,,,,,#N/B,,,,,,#N/B,,,,,,#N/B,,,,,,#N/B,,,,,,#N/B,,,#N/B
Sudan,SDN,Poverty gap at $1.90 a day (2011 PPP) (%),SI.POV.GAPS,,,,#N/B,,,,,,#N/B,,,,,,#N/B,,,,,,#N/B,,,,,,#N/B,,,,,,#N/B,,,,4,,4,,,,,,#N/B,,,#N/B
Senegal,SEN,Poverty gap at $1.90 a day (2011 PPP) (%),SI.POV.GAPS,,,,#N/B,,,,,,#N/B,,,,,,#N/B,36,,,20.9,,20.9,,,,,,#N/B,16,,,,12.4,12.4,,,,,,#N/B,12.8,,,,,12.8,,,#N/B
Singapore,SGP,Poverty gap at $1.90 a day (2011 PPP) (%),SI.POV.GAPS,,,,#N/B,,,,,,#N/B,,,,,,#N/B,,,,,,#N/B,,,,,,#N/B,,,,,,#N/B,,,,,,#N/B,,,,,,#N/B,,,#N/B
Solomon Islands,SLB,Poverty gap at $1.90 a day (2011 PPP) (%),SI.POV.GAPS,,,,#N/B,,,,,,#N/B,,,,,,#N/B,,,,,,#N/B,,,,,,#N/B,,,,,17.3,17.3,,,,,,#N/B,,,6.8,,,6.8,,,#N/B
Sierra Leone,SLE,Poverty gap at $1.90 a day (2011 PPP) (%),SI.POV.GAPS,,,,#N/B,,,,,,#N/B,,,,47.7,,47.7,,,,,,#N/B,,,,,,#N/B,,,23.3,,,23.3,,,,,,#N/B,16.7,,,,,16.7,,,#N/B
El Salvador,SLV,Poverty gap at $1.90 a day (2011 PPP) (%),SI.POV.GAPS,,,,#N/B,,,,,,#N/B,,,,10.9,,10.9,10.3,,,,5.4,5.4,5.9,,11.2,8.9,5.1,5.1,6,6.2,7.7,4.9,4,4,2,1.1,1.8,1.7,1.4,1.4,1.1,1,0.7,0.6,0.4,0.4,0.5,0.4,0.4
San Marino,SMR,Poverty gap at $1.90 a day (2011 PPP) (%),SI.POV.GAPS,,,,#N/B,,,,,,#N/B,,,,,,#N/B,,,,,,#N/B,,,,,,#N/B,,,,,,#N/B,,,,,,#N/B,,,,,,#N/B,,,#N/B
Somalia,SOM,Poverty gap at $1.90 a day (2011 PPP) (%),SI.POV.GAPS,,,,#N/B,,,,,,#N/B,,,,,,#N/B,,,,,,#N/B,,,,,,#N/B,,,,,,#N/B,,,,,,#N/B,,,,,,#N/B,,,#N/B
Serbia,SRB,Poverty gap at $1.90 a day (2011 PPP) (%),SI.POV.GAPS,,,,#N/B,,,,,,#N/B,,,,,,#N/B,,,,,,#N/B,,,,,,#N/B,,0,0.1,0.2,0.2,0.2,0.1,0.1,0,0,0,0,,,0,,0,0,,,#N/B
Sub-Saharan Africa (excluding high income),SSA,Poverty gap at $1.90 a day (2011 PPP) (%),SI.POV.GAPS,,,,#N/B,,,,,,#N/B,,,,,,#N/B,,,,,,#N/B,,,,,,#N/B,,,,,,#N/B,,,,,,#N/B,,,,,,#N/B,,,#N/B
South Sudan,SSD,Poverty gap at $1.90 a day (2011 PPP) (%),SI.POV.GAPS,,,,#N/B,,,,,,#N/B,,,,,,#N/B,,,,,,#N/B,,,,,,#N/B,,,,,,#N/B,,,,18.9,,18.9,,,,,,#N/B,,,#N/B
Sub-Saharan Africa,SSF,Poverty gap at $1.90 a day (2011 PPP) (%),SI.POV.GAPS,,,,#N/B,,,,,,#N/B,,,,,24.6,24.6,,,28.1,,,28.1,27.5,,,26.8,,26.8,,24.7,,,21.6,21.6,,,19.5,,18.6,18.6,17.7,17.1,16.4,,15.7,15.7,,,#N/B
Small states,SST,Poverty gap at $1.90 a day (2011 PPP) (%),SI.POV.GAPS,,,,#N/B,,,,,,#N/B,,,,,,#N/B,,,,,,#N/B,,,,,,#N/B,,,,,,#N/B,,,,,,#N/B,,,,,,#N/B,,,#N/B
Sao Tome and Principe,STP,Poverty gap at $1.90 a day (2011 PPP) (%),SI.POV.GAPS,,,,#N/B,,,,,,#N/B,,,,,,#N/B,,,,,,#N/B,,,,,7.8,7.8,,,,,,#N/B,,,,,8.6,8.6,,,,,,#N/B,,,#N/B
Suriname,SUR,Poverty gap at $1.90 a day (2011 PPP) (%),SI.POV.GAPS,,,,#N/B,,,,,,#N/B,,,,,,#N/B,,,,,,#N/B,,,,16.5,,16.5,,,,,,#N/B,,,,,,#N/B,,,,,,#N/B,,,#N/B
Slovak Republic,SVK,Poverty gap at $1.90 a day (2011 PPP) (%),SI.POV.GAPS,,,,#N/B,,,,,,#N/B,,,,,,#N/B,,,,,,#N/B,0.1,,,,,0.1,,,,0,0.1,0.1,0.1,0.2,0.2,0.2,0.3,0.3,0.2,0.1,0.2,0.4,0.3,0.3,,,#N/B
Slovenia,SVN,Poverty gap at $1.90 a day (2011 PPP) (%),SI.POV.GAPS,,,,#N/B,,,,,,#N/B,,,,,,#N/B,,,0,,,0,,,,,,#N/B,,,,0,0,0,0,0,0,0,0,0,0,0,0,0,0,0,,,#N/B
Sweden,SWE,Poverty gap at $1.90 a day (2011 PPP) (%),SI.POV.GAPS,,,,#N/B,,,,,,#N/B,,,,,,#N/B,,,,,,#N/B,,,,,,#N/B,,,0.2,0.3,0.8,0.8,0.2,0.3,0.4,0.3,0.4,0.4,0.4,0.3,0.5,0.3,0.3,0.3,,,#N/B
Eswatini,SWZ,Poverty gap at $1.90 a day (2011 PPP) (%),SI.POV.GAPS,,,,#N/B,,,,,,#N/B,,,,,,#N/B,,,,51,,51,,,,,17.5,17.5,,,,,,#N/B,,,,16.6,,16.6,,,,,,#N/B,,,#N/B
Sint Maarten (Dutch part),SXM,Poverty gap at $1.90 a day (2011 PPP) (%),SI.POV.GAPS,,,,#N/B,,,,,,#N/B,,,,,,#N/B,,,,,,#N/B,,,,,,#N/B,,,,,,#N/B,,,,,,#N/B,,,,,,#N/B,,,#N/B
Seychelles,SYC,Poverty gap at $1.90 a day (2011 PPP) (%),SI.POV.GAPS,,,,#N/B,,,,,,#N/B,,,,,,#N/B,,,,,,#N/B,,,,,,#N/B,,,,,,#N/B,,,,,,#N/B,,,0.4,,,0.4,,,#N/B
Syrian Arab Republic,SYR,Poverty gap at $1.90 a day (2011 PPP) (%),SI.POV.GAPS,,,,#N/B,,,,,,#N/B,,,,,,#N/B,,,,,,#N/B,,,,,,#N/B,,,,0.2,,0.2,,,,,,#N/B,,,,,,#N/B,,,#N/B
Turks and Caicos Islands,TCA,Poverty gap at $1.90 a day (2011 PPP) (%),SI.POV.GAPS,,,,#N/B,,,,,,#N/B,,,,,,#N/B,,,,,,#N/B,,,,,,#N/B,,,,,,#N/B,,,,,,#N/B,,,,,,#N/B,,,#N/B
Chad,TCD,Poverty gap at $1.90 a day (2011 PPP) (%),SI.POV.GAPS,,,,#N/B,,,,,,#N/B,,,,,,#N/B,,,,,,#N/B,,,,,,#N/B,,,26.7,,,26.7,,,,,,#N/B,15.3,,,,,15.3,,,#N/B
East Asia & Pacific (IDA & IBRD countries),TEA,Poverty gap at $1.90 a day (2011 PPP) (%),SI.POV.GAPS,,,,#N/B,,,,,,#N/B,,,,,,#N/B,,,,,,#N/B,,,,,,#N/B,,,,,,#N/B,,,,,,#N/B,,,,,,#N/B,,,#N/B
Europe & Central Asia (IDA & IBRD countries),TEC,Poverty gap at $1.90 a day (2011 PPP) (%),SI.POV.GAPS,,,,#N/B,,,,,,#N/B,,,,,,#N/B,,,,,,#N/B,,,,,,#N/B,,,,,,#N/B,,,,,,#N/B,,,,,,#N/B,,,#N/B
Togo,TGO,Poverty gap at $1.90 a day (2011 PPP) (%),SI.POV.GAPS,,,,#N/B,,,,,,#N/B,,,,,,#N/B,,,,,,#N/B,,,,,,#N/B,,,,,,#N/B,21.1,,,,,21.1,23.2,,,,19.9,19.9,,,#N/B
Thailand,THA,Poverty gap at $1.90 a day (2011 PPP) (%),SI.POV.GAPS,,,,#N/B,5,,,,,5,,,2.6,,1.8,1.8,,1.1,,0.5,,0.5,0.3,,0.2,0.4,0.4,0.4,,0.2,,0.1,,0.1,0.1,0,0,0,0,0,0,0,0,0,0,0,0,0,0
Tajikistan,TJK,Poverty gap at $1.90 a day (2011 PPP) (%),SI.POV.GAPS,,,,#N/B,,,,,,#N/B,,,,,,#N/B,,,,,,#N/B,,,,17.5,,17.5,,,8.2,3.6,,3.6,,3.8,,0.9,,0.9,,,,,1,1,,,#N/B
Turkmenistan,TKM,Poverty gap at $1.90 a day (2011 PPP) (%),SI.POV.GAPS,,,,#N/B,,,,,,#N/B,,,,,,#N/B,,,,,,#N/B,,,19.4,,,19.4,,,,,,#N/B,,,,,,#N/B,,,,,,#N/B,,,#N/B
Latin America & the Caribbean (IDA & IBRD countries),TLA,Poverty gap at $1.90 a day (2011 PPP) (%),SI.POV.GAPS,,,,#N/B,,,,,,#N/B,,,,,,#N/B,,,,,,#N/B,,,,,,#N/B,,,,,,#N/B,,,,,,#N/B,,,,,,#N/B,,,#N/B
Timor-Leste,TLS,Poverty gap at $1.90 a day (2011 PPP) (%),SI.POV.GAPS,,,,#N/B,,,,,,#N/B,,,,,,#N/B,,,,,,#N/B,,,,,,#N/B,14.5,,,,,14.5,,12.5,,,,12.5,,,,6.7,,6.7,,,#N/B
Middle East & North Africa (IDA & IBRD countries),TMN,Poverty gap at $1.90 a day (2011 PPP) (%),SI.POV.GAPS,,,,#N/B,,,,,,#N/B,,,,,,#N/B,,,,,,#N/B,,,,,,#N/B,,,,,,#N/B,,,,,,#N/B,,,,,,#N/B,,,#N/B
Tonga,TON,Poverty gap at $1.90 a day (2011 PPP) (%),SI.POV.GAPS,,,,#N/B,,,,,,#N/B,,,,,,#N/B,,,,,,#N/B,,,,,,#N/B,0.7,,,,,0.7,,,,0.3,,0.3,,,,,0.2,0.2,,,#N/B
South Asia (IDA & IBRD),TSA,Poverty gap at $1.90 a day (2011 PPP) (%),SI.POV.GAPS,,,,#N/B,,,,,,#N/B,,,,,,#N/B,,,,,,#N/B,,,,,,#N/B,,,,,,#N/B,,,,,,#N/B,,,,,,#N/B,,,#N/B
Sub-Saharan Africa (IDA & IBRD countries),TSS,Poverty gap at $1.90 a day (2011 PPP) (%),SI.POV.GAPS,,,,#N/B,,,,,,#N/B,,,,,,#N/B,,,,,,#N/B,,,,,,#N/B,,,,,,#N/B,,,,,,#N/B,,,,,,#N/B,,,#N/B
Trinidad and Tobago,TTO,Poverty gap at $1.90 a day (2011 PPP) (%),SI.POV.GAPS,,,,#N/B,,,,,,#N/B,,,0,,,0,,0.9,,,,0.9,,,,,,#N/B,,,,,,#N/B,,,,,,#N/B,,,,,,#N/B,,,#N/B
Tunisia,TUN,Poverty gap at $1.90 a day (2011 PPP) (%),SI.POV.GAPS,,,,#N/B,,,,,3.8,3.8,,,,,2.7,2.7,,,,,2.8,2.8,,,,,1.2,1.2,,,,,0.7,0.7,,,,,0.4,0.4,,,,,0,0,,,#N/B
Turkey,TUR,Poverty gap at $1.90 a day (2011 PPP) (%),SI.POV.GAPS,,,,#N/B,,,,,,#N/B,,0.5,,,,0.5,,,,0.7,,0.7,,,,,,#N/B,,0.3,0.9,0.3,0.5,0.5,0.3,0.2,0.2,0.1,0.1,0.1,0,0,0.1,0,0.1,0.1,0,,0
Tuvalu,TUV,Poverty gap at $1.90 a day (2011 PPP) (%),SI.POV.GAPS,,,,#N/B,,,,,,#N/B,,,,,,#N/B,,,,,,#N/B,,,,,,#N/B,,,,,,#N/B,,,,,0.4,0.4,,,,,,#N/B,,,#N/B
Tanzania,TZA,Poverty gap at $1.90 a day (2011 PPP) (%),SI.POV.GAPS,,,,#N/B,,,,,,#N/B,,,,,,#N/B,30.6,,,,,30.6,,,,,46.1,46.1,,,,,,#N/B,,23.3,,,,23.3,15.4,,,,,15.4,,,#N/B
Uganda,UGA,Poverty gap at $1.90 a day (2011 PPP) (%),SI.POV.GAPS,,,,#N/B,,,,,,#N/B,,,,25.5,,25.5,,25.9,,,,25.9,24.5,,,28.3,,28.3,,26.5,,,21.2,21.2,,,,14.7,,14.7,,10.8,,,,10.8,13.2,,13.2
Ukraine,UKR,Poverty gap at $1.90 a day (2011 PPP) (%),SI.POV.GAPS,,,,#N/B,,,,,,#N/B,,,,,,#N/B,,0.7,0.3,,1.4,1.4,1.5,,,,,1.5,,0.3,0.1,0.1,0,0,0,0,0,0,0,0,0,0,0,0,0,0,0,,0
Upper middle income,UMC,Poverty gap at $1.90 a day (2011 PPP) (%),SI.POV.GAPS,,,,#N/B,25.9,,,18,,18,,13.5,,,15.1,15.1,,,13,,,13,8.9,,,8.9,,8.9,,6.8,,,3.7,3.7,,,2.8,,2,2,1.5,1.3,0.7,,0.5,0.5,,,#N/B
Uruguay,URY,Poverty gap at $1.90 a day (2011 PPP) (%),SI.POV.GAPS,,,,#N/B,0,,,,,0,,,,0.2,,0.2,,,,,,#N/B,,,,,,#N/B,,,,,,#N/B,0.1,0.1,0,0,0.1,0.1,0,0,0,0,0,0,0,0,0
United States,USA,Poverty gap at $1.90 a day (2011 PPP) (%),SI.POV.GAPS,,0.4,,0.4,,,,,,#N/B,0.4,,,,,0.4,0.3,,,0.4,,0.4,,0.6,,,0.6,0.6,,,,0.9,,0.9,,0.9,,,0.9,0.9,,,0.9,,,0.9,1,,1
Uzbekistan,UZB,Poverty gap at $1.90 a day (2011 PPP) (%),SI.POV.GAPS,,,,#N/B,,,,,,#N/B,,,,,,#N/B,,,,,,#N/B,,,17.7,,23.1,23.1,,18.2,22.1,,,22.1,,,,,,#N/B,,,,,,#N/B,,,#N/B
St. Vincent and the Grenadines,VCT,Poverty gap at $1.90 a day (2011 PPP) (%),SI.POV.GAPS,,,,#N/B,,,,,,#N/B,,,,,,#N/B,,,,,,#N/B,,,,,,#N/B,,,,,,#N/B,,,,,,#N/B,,,,,,#N/B,,,#N/B
"Venezuela, RB",VEN,Poverty gap at $1.90 a day (2011 PPP) (%),SI.POV.GAPS,,,,#N/B,1,,,,,1,,0.9,,5.4,,5.4,,3,,,4.9,4.9,,,7.8,6,,6,6,10.3,13.1,11.9,13.3,13.3,7.1,,,,,7.1,,,,,,#N/B,,,#N/B
British Virgin Islands,VGB,Poverty gap at $1.90 a day (2011 PPP) (%),SI.POV.GAPS,,,,#N/B,,,,,,#N/B,,,,,,#N/B,,,,,,#N/B,,,,,,#N/B,,,,,,#N/B,,,,,,#N/B,,,,,,#N/B,,,#N/B
Virgin Islands (U.S.),VIR,Poverty gap at $1.90 a day (2011 PPP) (%),SI.POV.GAPS,,,,#N/B,,,,,,#N/B,,,,,,#N/B,,,,,,#N/B,,,,,,#N/B,,,,,,#N/B,,,,,,#N/B,,,,,,#N/B,,,#N/B
Vietnam,VNM,Poverty gap at $1.90 a day (2011 PPP) (%),SI.POV.GAPS,,,,#N/B,,,,,,#N/B,,,,,,#N/B,,16.5,,,,16.5,,,8.8,,,8.8,,10.1,,6.9,,6.9,4.9,,3.5,,0.9,0.9,,0.5,,0.6,,0.6,0.4,,0.4
Vanuatu,VUT,Poverty gap at $1.90 a day (2011 PPP) (%),SI.POV.GAPS,,,,#N/B,,,,,,#N/B,,,,,,#N/B,,,,,,#N/B,,,,,,#N/B,,,,,,#N/B,,,,,3.2,3.2,,,,,,#N/B,,,#N/B
World,WLD,Poverty gap at $1.90 a day (2011 PPP) (%),SI.POV.GAPS,,,,#N/B,17.9,,,14.6,,14.6,,12.5,,,12.7,12.7,,,12,,,12,9.8,,,9.5,,9.5,,8.2,,,6.3,6.3,,,5.4,,4.7,4.7,4.1,3.8,3.4,,3,3,,,#N/B
Samoa,WSM,Poverty gap at $1.90 a day (2011 PPP) (%),SI.POV.GAPS,,,,#N/B,,,,,,#N/B,,,,,,#N/B,,,,,,#N/B,,,,,,#N/B,,0.4,,,,0.4,,,0.1,,,0.1,,,0.1,,,0.1,,,#N/B
Kosovo,XKX,Poverty gap at $1.90 a day (2011 PPP) (%),SI.POV.GAPS,,,,#N/B,,,,,,#N/B,,,,,,#N/B,,,,,,#N/B,,,,,,#N/B,,,0.1,,0.6,0.6,0.4,,,0.4,0.3,0.3,0.1,0.1,0.1,0.2,0.1,0.1,0.1,0.1,0.1
"Yemen, Rep.",YEM,Poverty gap at $1.90 a day (2011 PPP) (%),SI.POV.GAPS,,,,#N/B,,,,,,#N/B,,,,,,#N/B,,,,,,#N/B,,,1.6,,,1.6,,,,,1.8,1.8,,,,,,#N/B,,,,4.5,,4.5,,,#N/B
South Africa,ZAF,Poverty gap at $1.90 a day (2011 PPP) (%),SI.POV.GAPS,,,,#N/B,,,,,,#N/B,,,,,,#N/B,,,10.9,,,10.9,14.3,,,,13.2,13.2,,,,,8.4,8.4,,,4.8,,4.9,4.9,,,,6.2,,6.2,,,#N/B
Zambia,ZMB,Poverty gap at $1.90 a day (2011 PPP) (%),SI.POV.GAPS,,,,#N/B,,,,,,#N/B,,,,,,#N/B,34.7,,27.7,,,27.7,15.9,,16.8,,,16.8,,17.5,,27.3,,27.3,30.1,,,,31.6,31.6,,,,,29.5,29.5,,,#N/B
Zimbabwe,ZWE,Poverty gap at $1.90 a day (2011 PPP) (%),SI.POV.GAPS,,,,#N/B,,,,,,#N/B,,,,,,#N/B,,,,,,#N/B,,,,,,#N/B,,,,,,#N/B,,,,,,#N/B,5.2,,,,,5.2,,,#N/B
,,,,,,,#DEEL/0!,,,,,,,,,,,,,,,,,,,,,,,,,,,,,,,,,,,,,,,,,,,,,
